PCON11CD,Constituency,Party,Chris Hanretty Leave Vote Share Estimate,Known Leave Vote Share (Y/N),Known Leave Vote Share - %,Difference between estimate and known
E14000752,Hornsey and Wood Green,Labour,18.5%,Yes,25.0%,6.5%
E14000561,"Birmingham, Erdington",Labour,57.5%,Yes,63.0%,5.5%
E14000982,Sunderland Central,Labour,54.7%,Yes,59.9%,5.3%
E14000985,Sutton Coldfield,Conservative,46.7%,Yes,51.7%,5.0%
E14000565,"Birmingham, Northfield",Labour,57.5%,Yes,61.8%,4.3%
E14000560,"Birmingham, Edgbaston",Labour,43.2%,Yes,47.3%,4.1%
E14000593,Brentford and Isleworth,Labour,39.5%,Yes,43.3%,3.8%
E14000925,Shipley,Conservative,48.5%,Yes,52.2%,3.7%
E14000732,Harrow West,Labour,41.4%,Yes,45.1%,3.7%
E14000880,"Plymouth, Sutton and Devonport",Conservative,50.9%,Yes,54.4%,3.5%
E14000567,"Birmingham, Selly Oak",Labour,43.6%,Yes,46.9%,3.3%
E14001008,Vauxhall,Labour,19.3%,Yes,22.4%,3.2%
S14000032,Glasgow North East,Scottish National Party,37.7%,Yes,40.7%,3.0%
E14000884,Portsmouth South,Conservative,48.9%,Yes,51.8%,2.9%
E14000870,Oldham East and Saddleworth,Labour,57.3%,Yes,59.9%,2.6%
S14000023,Edinburgh North and Leith,Scottish National Party,19.4%,Yes,21.8%,2.4%
E14001011,Walsall North,Labour,71.9%,Yes,74.2%,2.3%
E14001040,Wimbledon,Conservative,27.0%,Yes,29.4%,2.3%
E14000671,Dudley North,Labour,69.2%,Yes,71.4%,2.2%
E14000764,Islington South and Finsbury,Labour,26.1%,Yes,28.3%,2.1%
E14001044,Wirral West,Labour,42.8%,Yes,44.7%,1.9%
E14000872,Orpington,Conservative,56.0%,Yes,57.5%,1.5%
S14000033,Glasgow North West,Scottish National Party,30.0%,Yes,31.5%,1.5%
S14000035,Glasgow South West,Scottish National Party,39.4%,Yes,40.9%,1.5%
E14000900,Romford,Conservative,67.8%,Yes,69.3%,1.5%
E14000867,Nottingham South,Labour,45.0%,Yes,46.5%,1.4%
E14000614,Calder Valley,Conservative,51.7%,Yes,53.2%,1.4%
E14000654,Croydon Central,Conservative,49.0%,Yes,50.3%,1.3%
E14000691,Enfield North,Labour,47.9%,Yes,49.2%,1.3%
E14000716,Great Grimsby,Labour,70.2%,Yes,71.4%,1.3%
E14000819,Middlesbrough,Labour,64.9%,Yes,66.1%,1.1%
S14000025,Edinburgh South West,Scottish National Party,26.9%,Yes,27.9%,1.0%
E14000718,Greenwich and Woolwich,Labour,34.7%,Yes,35.7%,1.0%
E14001043,Wirral South,Labour,45.6%,Yes,46.5%,1.0%
E14000674,Ealing Central and Acton,Labour,28.2%,Yes,29.2%,0.9%
E14000588,Bradford South,Labour,62.7%,Yes,63.6%,0.9%
E14000600,Bristol North West,Conservative,40.7%,Yes,41.6%,0.9%
E14001051,Wolverhampton South West,Labour,53.6%,Yes,54.4%,0.8%
E14000738,Hazel Grove,Conservative,51.4%,Yes,52.2%,0.8%
E14001009,Wakefield,Labour,62.0%,Yes,62.8%,0.8%
E14000967,Stalybridge and Hyde,Labour,58.5%,Yes,59.3%,0.8%
E14000627,Cheadle,Conservative,41.9%,Yes,42.7%,0.7%
S14000029,Glasgow Central,Scottish National Party,28.0%,Yes,28.8%,0.7%
E14000812,Meriden,Conservative,58.1%,Yes,58.8%,0.7%
E14000604,Bromley and Chislehurst,Conservative,49.1%,Yes,49.8%,0.7%
E14000740,Hemsworth,Labour,67.5%,Yes,68.1%,0.6%
E14000911,Salford and Eccles,Labour,53.0%,Yes,53.6%,0.6%
E14000749,Hitchin and Harpenden,Conservative,39.2%,Yes,39.8%,0.6%
E14000898,Rochester and Strood,Conservative,63.1%,Yes,63.7%,0.6%
E14000692,"Enfield, Southgate",Conservative,37.4%,Yes,37.9%,0.5%
E14000602,Bristol West,Labour,20.4%,Yes,20.7%,0.3%
E14000747,Heywood and Middleton,Labour,62.2%,Yes,62.4%,0.3%
E14000672,Dudley South,Conservative,70.2%,Yes,70.4%,0.3%
E14000904,Rotherham,Labour,68.2%,Yes,68.3%,0.1%
E14000865,Nottingham East,Labour,42.8%,Yes,42.9%,0.1%
E14000751,Hornchurch and Upminster,Conservative,69.5%,Yes,69.5%,0.0%
S14000021,East Renfrewshire,Scottish National Party,25.7%,Yes,25.7%,0.0%
S14000057,Stirling,Scottish National Party,32.3%,Yes,32.3%,0.0%
S14000020,East Lothian,Scottish National Party,35.4%,Yes,35.4%,0.0%
S14000038,Inverclyde,Scottish National Party,36.2%,Yes,36.2%,0.0%
S14000045,Midlothian,Scottish National Party,37.9%,Yes,37.9%,0.0%
S14000059,West Dunbartonshire,Scottish National Party,38.0%,Yes,38.0%,0.0%
S14000005,Argyll and Bute,Scottish National Party,39.4%,Yes,39.4%,0.0%
S14000027,Na h-Eileanan an Iar,Scottish National Party,44.8%,Yes,44.8%,0.0%
E14000631,Chesham and Amersham,Conservative,45.0%,Yes,45.0%,0.0%
W07000064,Ceredigion,Liberal Democrat,45.4%,Yes,45.4%,0.0%
E14001046,Witney,Conservative,46.3%,Yes,46.3%,0.0%
S14000046,Moray,Scottish National Party,49.9%,Yes,49.9%,0.0%
E14000748,High Peak,Conservative,50.5%,Yes,50.5%,0.0%
E14000745,Hertsmere,Conservative,50.8%,Yes,50.8%,0.0%
W07000041,Ynys Môn,Labour,50.9%,Yes,50.9%,0.0%
E14000988,Taunton Deane,Conservative,52.9%,Yes,52.9%,0.0%
E14001052,Worcester,Conservative,53.7%,Yes,53.7%,0.0%
E14000605,Bromsgrove,Conservative,55.4%,Yes,55.4%,0.0%
E14000838,North Devon,Conservative,57.0%,Yes,57.0%,0.0%
E14000652,Crawley,Conservative,58.4%,Yes,58.4%,0.0%
E14000959,Spelthorne,Conservative,60.3%,Yes,60.3%,0.0%
E14000935,South Derbyshire,Conservative,60.4%,Yes,60.4%,0.0%
E14000858,North West Leicestershire,Conservative,60.7%,Yes,60.7%,0.0%
E14000769,Kettering,Conservative,61.0%,Yes,61.0%,0.0%
E14000762,Isle of Wight,Conservative,61.9%,Yes,61.9%,0.0%
W07000072,Blaenau Gwent,Labour,62.0%,Yes,62.0%,0.0%
E14001058,Wyre Forest,Conservative,63.1%,Yes,63.1%,0.0%
E14000875,Pendle,Conservative,63.2%,Yes,63.2%,0.0%
E14000715,Gravesham,Conservative,65.4%,Yes,65.4%,0.0%
E14000609,Burnley,Labour,66.6%,Yes,66.6%,0.0%
E14000618,Cannock Chase,Conservative,68.9%,Yes,68.9%,0.0%
E14000733,Hartlepool,Labour,69.6%,Yes,69.6%,0.0%
E14000810,Mansfield,Labour,70.9%,Yes,70.9%,0.0%
E14000717,Great Yarmouth,Conservative,71.5%,Yes,71.5%,0.0%
E14000622,Castle Point,Conservative,72.7%,Yes,72.7%,0.0%
E14000656,Croydon South,Conservative,45.9%,Yes,45.8%,-0.1%
E14000945,South Staffordshire,Conservative,65.3%,Yes,65.2%,-0.1%
E14000559,Birkenhead,Labour,51.8%,Yes,51.7%,-0.1%
S14000030,Glasgow East,Independent,44.0%,Yes,43.8%,-0.1%
E14000903,Rother Valley,Labour,66.9%,Yes,66.7%,-0.2%
E14000766,Keighley,Conservative,53.5%,Yes,53.3%,-0.2%
S14000026,Edinburgh West,Independent,29.0%,Yes,28.8%,-0.2%
E14001049,Wolverhampton North East,Labour,67.9%,Yes,67.7%,-0.2%
E14000531,Aldridge-Brownhills,Conservative,68.0%,Yes,67.8%,-0.2%
E14000897,Rochdale,Independent,57.7%,Yes,57.5%,-0.2%
E14000617,Cambridge,Labour,26.5%,Yes,26.2%,-0.3%
E14000530,Aldershot,Conservative,58.2%,Yes,57.9%,-0.3%
E14000711,Gillingham and Rainham,Conservative,64.0%,Yes,63.6%,-0.5%
S14000034,Glasgow South,Scottish National Party,28.7%,Yes,28.2%,-0.5%
E14001050,Wolverhampton South East,Labour,68.8%,Yes,68.1%,-0.7%
E14000944,South Shields,Labour,62.8%,Yes,62.1%,-0.7%
E14000750,Holborn and St Pancras,Labour,27.4%,Yes,26.7%,-0.8%
E14000931,Solihull,Conservative,54.3%,Yes,53.3%,-0.9%
E14000661,Denton and Reddish,Labour,61.9%,Yes,61.0%,-0.9%
E14000690,Eltham,Labour,52.8%,Yes,51.8%,-1.0%
E14000568,"Birmingham, Yardley",Labour,61.3%,Yes,60.1%,-1.2%
E14000969,Stockport,Labour,48.2%,Yes,46.8%,-1.4%
E14000871,Oldham West and Royton,Labour,62.7%,Yes,61.3%,-1.4%
E14000655,Croydon North,Labour,42.6%,Yes,41.2%,-1.5%
E14000976,Stourbridge,Conservative,65.1%,Yes,63.7%,-1.5%
S14000024,Edinburgh South,Labour,23.6%,Yes,22.2%,-1.5%
E14000836,"Normanton, Pontefract and Castleford",Labour,70.8%,Yes,69.3%,-1.6%
E14000723,Halifax,Labour,60.4%,Yes,58.8%,-1.6%
E14001054,Worsley and Eccles South,Labour,61.4%,Yes,59.8%,-1.6%
E14000866,Nottingham North,Labour,65.5%,Yes,63.8%,-1.7%
E14000552,Bedford,Conservative,53.7%,Yes,51.9%,-1.7%
E14000537,Ashton-under-Lyne,Labour,63.5%,Yes,61.8%,-1.7%
E14000978,Streatham,Labour,22.4%,Yes,20.5%,-1.9%
E14000763,Islington North,Labour,23.5%,Yes,21.6%,-1.9%
E14001012,Walsall South,Labour,63.6%,Yes,61.6%,-2.0%
E14000599,Bristol East,Labour,48.8%,Yes,46.8%,-2.0%
E14000957,Southend West,Conservative,57.2%,Yes,55.1%,-2.2%
E14000754,Houghton and Sunderland South,Labour,64.7%,Yes,62.4%,-2.3%
E14000879,"Plymouth, Moor View",Conservative,68.8%,Yes,66.4%,-2.4%
E14000676,"Ealing, Southall",Labour,44.3%,Yes,41.8%,-2.4%
E14000883,Portsmouth North,Conservative,66.2%,Yes,63.7%,-2.5%
E14000675,Ealing North,Labour,48.8%,Yes,46.3%,-2.6%
E14000601,Bristol South,Labour,49.7%,Yes,47.1%,-2.6%
E14000589,Bradford West,Labour,49.4%,Yes,46.7%,-2.7%
E14000587,Bradford East,Labour,57.9%,Yes,55.2%,-2.7%
E14000687,Edmonton,Labour,48.2%,Yes,45.5%,-2.7%
E14000570,Blackburn,Labour,56.4%,Yes,53.7%,-2.7%
S14000022,Edinburgh East,Scottish National Party,30.5%,Yes,27.6%,-2.8%
E14001013,Walthamstow,Labour,36.4%,Yes,33.5%,-2.9%
E14000566,"Birmingham, Perry Barr",Labour,54.2%,Yes,51.2%,-3.0%
E14000731,Harrow East,Conservative,50.5%,Yes,47.5%,-3.0%
E14001010,Wallasey,Labour,53.0%,Yes,49.9%,-3.1%
E14001020,Washington and Sunderland West,Labour,65.1%,Yes,61.9%,-3.3%
E14000701,Feltham and Heston,Labour,59.4%,Yes,55.9%,-3.5%
E14000823,Mitcham and Morden,Labour,49.1%,Yes,44.7%,-4.4%
E14000564,"Birmingham, Ladywood",Labour,41.1%,Yes,35.6%,-5.5%
S14000031,Glasgow North,Scottish National Party,27.7%,Yes,21.6%,-6.0%
E14000563,"Birmingham, Hodge Hill",Labour,57.6%,Yes,51.5%,-6.1%
E14001002,Tottenham,Labour,33.4%,Yes,23.8%,-9.6%
E14000562,"Birmingham, Hall Green",Labour,43.3%,Yes,33.6%,-9.7%
E14000720,Hackney North and Stoke Newington,Labour,20.9%,No,-,-
E14000673,Dulwich and West Norwood,Labour,22.1%,No,-,-
E14000721,Hackney South and Shoreditch,Labour,22.2%,No,-,-
E14000549,Battersea,Conservative,23.0%,No,-,-
E14000727,Hampstead and Kilburn,Labour,23.5%,No,-,-
E14000789,"Lewisham, Deptford",Labour,24.7%,No,-,-
E14000998,Tooting,Labour,25.3%,No,-,-
E14000598,"Brighton, Pavilion",Green Party,25.7%,No,-,-
E14000809,"Manchester, Withington",Labour,26.3%,No,-,-
S14000018,East Dunbartonshire,Scottish National Party,26.7%,No,-,-
E14000887,Putney,Conservative,26.9%,No,-,-
E14000793,"Liverpool, Riverside",Labour,26.9%,No,-,-
E14000553,Bermondsey and Old Southwark,Labour,27.0%,No,-,-
E14000896,Richmond Park,Liberal Democrat,27.7%,No,-,-
E14000639,Cities of London and Westminster,Conservative,28.6%,No,-,-
E14000629,Chelsea and Fulham,Conservative,29.2%,No,-,-
E14000615,Camberwell and Peckham,Labour,30.2%,No,-,-
W07000050,Cardiff Central,Labour,30.4%,No,-,-
E14000919,Sheffield Central,Labour,30.4%,No,-,-
E14000703,Finchley and Golders Green,Conservative,30.9%,No,-,-
E14000555,Bethnal Green and Bow,Labour,30.9%,No,-,-
E14000726,Hammersmith,Labour,31.0%,No,-,-
E14000768,Kensington,Conservative,31.4%,No,-,-
E14000547,Bath,Conservative,31.7%,No,-,-
E14000873,Oxford East,Labour,32.3%,No,-,-
S14000002,Aberdeen South,Scottish National Party,32.3%,No,-,-
E14001036,Westminster North,Labour,33.0%,No,-,-
E14001005,Twickenham,Conservative,33.7%,No,-,-
E14000755,Hove,Labour,33.9%,No,-,-
E14000882,Poplar and Limehouse,Labour,34.2%,No,-,-
S14000053,Paisley and Renfrewshire South,Scottish National Party,34.2%,No,-,-
E14000788,Lewisham West and Penge,Labour,34.5%,No,-,-
W07000057,Arfon,Plaid Cymru,34.9%,No,-,-
E14000790,Leyton and Wanstead,Labour,35.0%,No,-,-
E14000780,Leeds North West,Liberal Democrat,35.4%,No,-,-
E14000787,Lewisham East,Labour,35.4%,No,-,-
S14000042,Lanark and Hamilton East,Scottish National Party,35.5%,No,-,-
E14000795,"Liverpool, Wavertree",Labour,35.8%,No,-,-
E14000922,"Sheffield, Hallam",Liberal Democrat,35.9%,No,-,-
S14000052,Paisley and Renfrewshire North,Scottish National Party,36.1%,No,-,-
E14000807,Manchester Central,Labour,36.7%,No,-,-
S14000047,Motherwell and Wishaw,Scottish National Party,37.0%,No,-,-
E14000779,Leeds North East,Labour,37.3%,No,-,-
S14000056,Rutherglen and Hamilton West,Scottish National Party,37.3%,No,-,-
E14000808,"Manchester, Gorton",Labour,37.9%,No,-,-
S14000012,"Cumbernauld, Kilsyth and Kirkintilloch East",Scottish National Party,37.9%,No,-,-
S14000019,"East Kilbride, Strathaven and Lesmahagow",Scottish National Party,38.0%,No,-,-
E14000960,St Albans,Conservative,38.0%,No,-,-
S14000049,North East Fife,Scottish National Party,38.1%,No,-,-
E14000874,Oxford West and Abingdon,Conservative,38.2%,No,-,-
E14000889,Reading East,Conservative,38.2%,No,-,-
S14000015,Dundee East,Scottish National Party,38.3%,No,-,-
E14000934,South Cambridgeshire,Conservative,38.4%,No,-,-
E14000532,Altrincham and Sale West,Conservative,38.5%,No,-,-
E14001061,York Central,Labour,38.5%,No,-,-
S14000058,West Aberdeenshire and Kincardine,Scottish National Party,38.6%,No,-,-
S14000011,"Coatbridge, Chryston and Bellshill",Scottish National Party,38.7%,No,-,-
W07000051,Cardiff North,Conservative,39.1%,No,-,-
S14000050,Ochil and South Perthshire,Scottish National Party,39.3%,No,-,-
S14000040,Kilmarnock and Loudoun,Scottish National Party,39.6%,No,-,-
E14001041,Winchester,Conservative,39.7%,No,-,-
S14000017,Dunfermline and West Fife,Scottish National Party,40.0%,No,-,-
S14000003,Airdrie and Shotts,Scottish National Party,40.1%,No,-,-
S14000054,Perth and North Perthshire,Scottish National Party,40.2%,No,-,-
S14000051,Orkney and Shetland,Liberal Democrat,40.3%,No,-,-
E14000864,Norwich South,Labour,40.4%,No,-,-
E14000953,South West Surrey,Conservative,40.6%,No,-,-
E14000636,Chipping Barnet,Conservative,40.9%,No,-,-
E14001019,Warwick and Leamington,Conservative,41.1%,No,-,-
E14000832,Newcastle upon Tyne East,Labour,41.1%,No,-,-
S14000016,Dundee West,Scottish National Party,41.2%,No,-,-
E14000719,Guildford,Conservative,41.2%,No,-,-
E14000908,Rushcliffe,Conservative,41.3%,No,-,-
S14000039,"Inverness, Nairn, Badenoch and Strathspey",Scottish National Party,41.4%,No,-,-
E14000770,Kingston and Surbiton,Conservative,41.6%,No,-,-
S14000043,Linlithgow and East Falkirk,Scottish National Party,41.6%,No,-,-
E14000697,Esher and Walton,Conservative,41.6%,No,-,-
S14000041,Kirkcaldy and Cowdenbeath,Scottish National Party,41.7%,No,-,-
E14000741,Hendon,Conservative,41.9%,No,-,-
S14000028,Falkirk,Scottish National Party,42.0%,No,-,-
S14000048,North Ayrshire and Arran,Scottish National Party,42.3%,No,-,-
E14001048,Wokingham,Conservative,42.5%,No,-,-
E14000783,Leicester South,Labour,42.6%,No,-,-
W07000047,Swansea West,Labour,42.7%,No,-,-
E14000640,City of Chester,Labour,42.7%,No,-,-
S14000010,Central Ayrshire,Scottish National Party,42.7%,No,-,-
E14000630,Cheltenham,Conservative,42.8%,No,-,-
E14000591,Brent Central,Labour,42.9%,No,-,-
S14000006,"Ayr, Carrick and Cumnock",Scottish National Party,43.0%,No,-,-
E14000742,Henley,Conservative,43.1%,No,-,-
E14000592,Brent North,Labour,43.1%,No,-,-
S14000001,Aberdeen North,Scottish National Party,43.1%,No,-,-
S14000008,"Berwickshire, Roxburgh and Selkirk",Scottish National Party,43.2%,No,-,-
S14000055,"Ross, Skye and Lochaber",Scottish National Party,43.4%,No,-,-
E14000597,"Brighton, Kemptown",Conservative,43.4%,No,-,-
S14000044,Livingston,Scottish National Party,43.8%,No,-,-
E14000760,Ilford South,Labour,43.9%,No,-,-
S14000014,"Dumfriesshire, Clydesdale and Tweeddale",Conservative,43.9%,No,-,-
E14001047,Woking,Conservative,44.1%,No,-,-
E14000641,City of Durham,Labour,44.4%,No,-,-
S14000037,Gordon,Scottish National Party,44.6%,No,-,-
E14001004,Tunbridge Wells,Conservative,44.7%,No,-,-
E14000698,Exeter,Labour,44.7%,No,-,-
W07000079,Cardiff West,Labour,44.8%,No,-,-
E14001062,York Outer,Conservative,44.9%,No,-,-
W07000080,Cardiff South and Penarth,Labour,44.9%,No,-,-
E14000937,South East Cambridgeshire,Conservative,45.0%,No,-,-
E14000916,Sefton Central,Labour,45.1%,No,-,-
E14000619,Canterbury,Conservative,45.3%,No,-,-
E14000746,Hexham,Conservative,45.4%,No,-,-
S14000013,Dumfries and Galloway,Scottish National Party,45.4%,No,-,-
E14000803,Maidenhead,Conservative,45.4%,No,-,-
E14000958,Southport,Liberal Democrat,45.5%,No,-,-
E14000901,Romsey and Southampton North,Conservative,45.8%,No,-,-
W07000075,Pontypridd,Labour,45.8%,No,-,-
E14000987,Tatton,Conservative,45.8%,No,-,-
E14000844,North East Hampshire,Conservative,45.9%,No,-,-
E14000980,Stroud,Conservative,46.0%,No,-,-
E14001042,Windsor,Conservative,46.1%,No,-,-
E14001003,Truro and Falmouth,Conservative,46.2%,No,-,-
E14000951,South West Hertfordshire,Conservative,46.4%,No,-,-
E14001015,Wantage,Conservative,46.4%,No,-,-
S14000036,Glenrothes,Scottish National Party,46.5%,No,-,-
E14000767,Kenilworth and Southam,Conservative,46.6%,No,-,-
E14000817,Mid Sussex,Conservative,46.7%,No,-,-
E14000679,East Ham,Labour,46.9%,No,-,-
E14000786,Lewes,Conservative,47.0%,No,-,-
E14000730,Harrogate and Knaresborough,Conservative,47.2%,No,-,-
E14001032,West Ham,Labour,47.4%,No,-,-
E14000777,Leeds Central,Labour,47.4%,No,-,-
E14001037,Westmorland and Lonsdale,Liberal Democrat,47.5%,No,-,-
E14000551,Beckenham,Conservative,47.5%,No,-,-
E14000830,Newbury,Conservative,47.5%,No,-,-
E14000824,Mole Valley,Conservative,47.6%,No,-,-
E14000893,Reigate,Conservative,47.8%,No,-,-
E14000991,The Cotswolds,Conservative,47.8%,No,-,-
E14001006,Tynemouth,Labour,47.8%,No,-,-
W07000054,Monmouth,Conservative,47.8%,No,-,-
E14000708,Garston and Halewood,Labour,47.9%,No,-,-
E14000694,Epsom and Ewell,Conservative,48.0%,No,-,-
E14000850,North Somerset,Conservative,48.0%,No,-,-
E14000702,Filton and Bradley Stoke,Conservative,48.0%,No,-,-
E14001056,Wycombe,Conservative,48.0%,No,-,-
S14000004,Angus,Scottish National Party,48.1%,No,-,-
E14000802,Macclesfield,Conservative,48.2%,No,-,-
E14000886,Pudsey,Conservative,48.4%,No,-,-
W07000061,Dwyfor Meirionnydd,Plaid Cymru,48.4%,No,-,-
E14000831,Newcastle upon Tyne Central,Labour,48.4%,No,-,-
E14000979,Stretford and Urmston,Labour,48.5%,No,-,-
E14000608,Buckingham,Speaker,48.7%,No,-,-
E14000753,Horsham,Conservative,48.7%,No,-,-
E14000680,East Hampshire,Conservative,48.7%,No,-,-
E14000651,Coventry South,Labour,48.9%,No,-,-
E14000906,"Ruislip, Northwood and Pinner",Conservative,49.0%,No,-,-
E14000634,Chingford and Woodford Green,Conservative,49.2%,No,-,-
E14000744,Hertford and Stortford,Conservative,49.2%,No,-,-
E14000550,Beaconsfield,Conservative,49.3%,No,-,-
S14000009,"Caithness, Sutherland and Easter Ross",Scottish National Party,49.4%,No,-,-
W07000073,Bridgend,Labour,49.7%,No,-,-
E14000797,Loughborough,Conservative,49.7%,No,-,-
E14000821,Milton Keynes North,Conservative,49.8%,No,-,-
E14000907,Runnymede and Weybridge,Conservative,49.8%,No,-,-
E14000645,Colne Valley,Conservative,49.8%,No,-,-
E14001059,Wythenshawe and Sale East,Labour,49.9%,No,-,-
W07000046,Gower,Conservative,50.2%,No,-,-
E14001024,Weaver Vale,Conservative,50.2%,No,-,-
E14000796,"Liverpool, West Derby",Labour,50.3%,No,-,-
E14000912,Salisbury,Conservative,50.3%,No,-,-
E14000860,North Wiltshire,Conservative,50.4%,No,-,-
E14000678,East Devon,Conservative,50.5%,No,-,-
E14000539,Banbury,Conservative,50.5%,No,-,-
E14000628,Chelmsford,Conservative,50.5%,No,-,-
E14001018,Warrington South,Conservative,50.6%,No,-,-
E14000633,Chichester,Conservative,50.6%,No,-,-
E14000956,"Southampton, Test",Labour,50.7%,No,-,-
E14000534,Arundel and South Downs,Conservative,50.7%,No,-,-
E14000776,Lancaster and Fleetwood,Labour,50.9%,No,-,-
E14000910,Saffron Walden,Conservative,50.9%,No,-,-
E14000932,Somerton and Frome,Conservative,51.0%,No,-,-
E14001031,West Dorset,Conservative,51.0%,No,-,-
E14000644,Colchester,Conservative,51.1%,No,-,-
E14000756,Huddersfield,Labour,51.1%,No,-,-
E14000941,South Norfolk,Conservative,51.1%,No,-,-
E14000977,Stratford-on-Avon,Conservative,51.2%,No,-,-
E14000623,Central Devon,Conservative,51.2%,No,-,-
E14001021,Watford,Conservative,51.2%,No,-,-
E14000984,Sutton and Cheam,Conservative,51.3%,No,-,-
E14000664,Derbyshire Dales,Conservative,51.3%,No,-,-
E14000571,Blackley and Broughton,Labour,51.3%,No,-,-
E14000845,North East Hertfordshire,Conservative,51.4%,No,-,-
E14000665,Devizes,Conservative,51.5%,No,-,-
E14000947,South Swindon,Conservative,51.6%,No,-,-
E14000784,Leicester West,Labour,51.7%,No,-,-
W07000068,Brecon and Radnorshire,Conservative,51.7%,No,-,-
E14000983,Surrey Heath,Conservative,52.0%,No,-,-
E14000538,Aylesbury,Conservative,52.1%,No,-,-
E14000846,North East Somerset,Conservative,52.1%,No,-,-
E14000686,Eddisbury,Conservative,52.2%,No,-,-
E14000728,Harborough,Conservative,52.2%,No,-,-
E14000813,Mid Bedfordshire,Conservative,52.3%,No,-,-
E14000635,Chippenham,Conservative,52.3%,No,-,-
W07000078,Vale of Glamorgan,Conservative,52.3%,No,-,-
E14000607,Broxtowe,Conservative,52.4%,No,-,-
E14000775,Knowsley,Labour,52.4%,No,-,-
W07000059,Clwyd West,Conservative,52.5%,No,-,-
E14000814,Mid Derbyshire,Conservative,52.5%,No,-,-
E14001027,Welwyn Hatfield,Conservative,52.5%,No,-,-
E14001023,Wealden,Conservative,52.5%,No,-,-
E14000759,Ilford North,Labour,52.6%,No,-,-
E14001035,West Worcestershire,Conservative,52.6%,No,-,-
E14000997,Tonbridge and Malling,Conservative,52.6%,No,-,-
E14000646,Congleton,Conservative,52.7%,No,-,-
E14000942,South Northamptonshire,Conservative,52.7%,No,-,-
E14000890,Reading West,Conservative,52.7%,No,-,-
E14000811,Meon Valley,Conservative,52.9%,No,-,-
E14000822,Milton Keynes South,Conservative,53.0%,No,-,-
W07000056,Newport West,Labour,53.0%,No,-,-
E14000926,Shrewsbury and Atcham,Conservative,53.0%,No,-,-
E14000928,Skipton and Ripon,Conservative,53.0%,No,-,-
E14000782,Leicester East,Labour,53.2%,No,-,-
E14000586,Bracknell,Conservative,53.3%,No,-,-
E14000757,Huntingdon,Conservative,53.3%,No,-,-
E14000841,North East Bedfordshire,Conservative,53.3%,No,-,-
E14000994,Thornbury and Yate,Conservative,53.3%,No,-,-
W07000058,Aberconwy,Conservative,53.4%,No,-,-
E14001026,Wells,Conservative,53.5%,No,-,-
E14000584,Bournemouth East,Conservative,53.5%,No,-,-
E14000545,Basingstoke,Conservative,53.6%,No,-,-
E14000611,Bury North,Conservative,53.7%,No,-,-
E14000682,East Worthing and Shoreham,Conservative,53.7%,No,-,-
E14000662,Derby North,Conservative,53.7%,No,-,-
E14000613,Bury St Edmunds,Conservative,53.7%,No,-,-
W07000067,Carmarthen East and Dinefwr,Plaid Cymru,53.8%,No,-,-
E14000990,Tewkesbury,Conservative,53.8%,No,-,-
E14000794,"Liverpool, Walton",Labour,53.8%,No,-,-
E14000918,Sevenoaks,Conservative,53.9%,No,-,-
E14000909,Rutland and Melton,Conservative,54.0%,No,-,-
S14000007,Banff and Buchan,Scottish National Party,54.0%,No,-,-
E14000685,Eastleigh,Conservative,54.0%,No,-,-
E14001057,Wyre and Preston North,Conservative,54.0%,No,-,-
E14000603,Broadland,Conservative,54.1%,No,-,-
E14001001,Totnes,Conservative,54.1%,No,-,-
E14000930,Slough,Labour,54.1%,No,-,-
E14000946,South Suffolk,Conservative,54.2%,No,-,-
E14000681,East Surrey,Conservative,54.2%,No,-,-
W07000069,Neath,Labour,54.2%,No,-,-
E14000696,Erith and Thamesmead,Labour,54.3%,No,-,-
E14000624,Central Suffolk and North Ipswich,Conservative,54.5%,No,-,-
E14000857,North West Hampshire,Conservative,54.5%,No,-,-
E14000612,Bury South,Labour,54.5%,No,-,-
E14000895,Richmond (Yorks),Conservative,54.7%,No,-,-
W07000042,Delyn,Labour,54.8%,No,-,-
E14000581,Bootle,Labour,54.9%,No,-,-
E14001033,West Lancashire,Labour,54.9%,No,-,-
E14000938,South East Cornwall,Conservative,54.9%,No,-,-
E14000781,Leeds West,Labour,55.0%,No,-,-
E14000856,North West Durham,Labour,55.0%,No,-,-
E14000964,St Ives,Conservative,55.1%,No,-,-
W07000076,Caerphilly,Labour,55.2%,No,-,-
E14000739,Hemel Hempstead,Conservative,55.2%,No,-,-
E14000950,South West Devon,Conservative,55.2%,No,-,-
W07000066,Carmarthen West and South Pembrokeshire,Conservative,55.4%,No,-,-
E14000877,Penrith and The Border,Conservative,55.4%,No,-,-
E14000699,Fareham,Conservative,55.4%,No,-,-
E14000801,Luton South,Labour,55.4%,No,-,-
W07000045,Llanelli,Labour,55.5%,No,-,-
E14000724,Haltemprice and Howden,Conservative,55.5%,No,-,-
E14000580,Bolton West,Conservative,55.5%,No,-,-
E14000554,Berwick-upon-Tweed,Conservative,55.6%,No,-,-
E14000829,Newark,Conservative,55.8%,No,-,-
W07000065,Preseli Pembrokeshire,Conservative,55.8%,No,-,-
E14000981,Suffolk Coastal,Conservative,55.8%,No,-,-
E14000804,Maidstone and The Weald,Conservative,55.9%,No,-,-
E14000828,New Forest West,Conservative,55.9%,No,-,-
W07000060,Vale of Clwyd,Conservative,55.9%,No,-,-
W07000063,Montgomeryshire,Conservative,56.0%,No,-,-
E14000709,Gateshead,Labour,56.0%,No,-,-
E14000835,Newton Abbot,Conservative,56.1%,No,-,-
E14000963,St Helens South and Whiston,Labour,56.1%,No,-,-
E14001055,Worthing West,Conservative,56.1%,No,-,-
E14001014,Wansbeck,Labour,56.2%,No,-,-
E14000710,Gedling,Labour,56.2%,No,-,-
E14000735,Hastings and Rye,Conservative,56.2%,No,-,-
E14000621,Carshalton and Wallington,Liberal Democrat,56.3%,No,-,-
E14000574,Blaydon,Labour,56.3%,No,-,-
E14001007,Uxbridge and South Ruislip,Conservative,56.4%,No,-,-
E14000689,Elmet and Rothwell,Conservative,56.4%,No,-,-
E14000839,North Dorset,Conservative,56.4%,No,-,-
E14000993,Thirsk and Malton,Conservative,56.4%,No,-,-
E14000706,Fylde,Conservative,56.6%,No,-,-
E14000761,Ipswich,Conservative,56.6%,No,-,-
E14000637,Chorley,Labour,56.6%,No,-,-
E14001038,Weston-Super-Mare,Conservative,56.7%,No,-,-
E14000543,Barrow and Furness,Labour,56.8%,No,-,-
E14000774,Kingswood,Conservative,56.8%,No,-,-
E14000885,Preston,Labour,56.9%,No,-,-
E14000943,South Ribble,Conservative,56.9%,No,-,-
E14000881,Poole,Conservative,56.9%,No,-,-
E14000855,North West Cambridgeshire,Conservative,57.0%,No,-,-
W07000070,Cynon Valley,Labour,57.0%,No,-,-
E14001000,Torridge and West Devon,Conservative,57.1%,No,-,-
E14000968,Stevenage,Conservative,57.1%,No,-,-
E14000833,Newcastle upon Tyne North,Labour,57.1%,No,-,-
E14000965,Stafford,Conservative,57.2%,No,-,-
E14000666,Dewsbury,Labour,57.3%,No,-,-
E14000792,Lincoln,Conservative,57.3%,No,-,-
E14000863,Norwich North,Conservative,57.3%,No,-,-
W07000044,Wrexham,Labour,57.3%,No,-,-
E14000851,North Swindon,Conservative,57.4%,No,-,-
E14000791,Lichfield,Conservative,57.6%,No,-,-
E14000923,"Sheffield, Heeley",Labour,57.6%,No,-,-
E14000684,Eastbourne,Conservative,57.6%,No,-,-
E14000996,Tiverton and Honiton,Conservative,57.6%,No,-,-
E14000557,Bexhill and Battle,Conservative,57.7%,No,-,-
E14000954,South West Wiltshire,Conservative,57.7%,No,-,-
W07000043,Alyn and Deeside,Labour,57.7%,No,-,-
E14000688,Ellesmere Port and Neston,Labour,57.8%,No,-,-
E14000578,Bolton North East,Labour,57.8%,No,-,-
E14000917,Selby and Ainsty,Conservative,57.8%,No,-,-
E14000971,Stockton South,Conservative,57.8%,No,-,-
E14000725,Halton,Labour,57.8%,No,-,-
E14000585,Bournemouth West,Conservative,57.9%,No,-,-
E14000616,Camborne and Redruth,Conservative,57.9%,No,-,-
E14000815,Mid Dorset and North Poole,Conservative,57.9%,No,-,-
E14000975,Stone,Conservative,58.0%,No,-,-
E14000705,Forest of Dean,Conservative,58.1%,No,-,-
E14000658,Darlington,Labour,58.1%,No,-,-
E14000800,Luton North,Labour,58.2%,No,-,-
E14000940,South Leicestershire,Conservative,58.2%,No,-,-
E14000700,Faversham and Mid Kent,Conservative,58.2%,No,-,-
E14000992,The Wrekin,Conservative,58.2%,No,-,-
E14000847,North Herefordshire,Conservative,58.3%,No,-,-
E14000848,North Norfolk,Liberal Democrat,58.3%,No,-,-
E14000962,St Helens North,Labour,58.3%,No,-,-
E14000625,Charnwood,Conservative,58.3%,No,-,-
E14000905,Rugby,Conservative,58.4%,No,-,-
W07000071,Merthyr Tydfil and Rhymney,Labour,58.4%,No,-,-
E14000799,Ludlow,Conservative,58.6%,No,-,-
E14000902,Rossendale and Darwen,Conservative,58.6%,No,-,-
E14000949,South West Bedfordshire,Conservative,58.6%,No,-,-
E14000712,Gloucester,Conservative,58.6%,No,-,-
E14001017,Warrington North,Labour,58.6%,No,-,-
E14000650,Coventry North West,Labour,58.7%,No,-,-
E14000894,Ribble Valley,Conservative,58.7%,No,-,-
E14000660,Daventry,Conservative,58.8%,No,-,-
E14000556,Beverley and Holderness,Conservative,58.8%,No,-,-
W07000077,Islwyn,Labour,58.9%,No,-,-
E14000825,Morecambe and Lunesdale,Conservative,58.9%,No,-,-
E14000818,Mid Worcestershire,Conservative,58.9%,No,-,-
E14000915,Sedgefield,Labour,58.9%,No,-,-
E14000653,Crewe and Nantwich,Conservative,59.0%,No,-,-
E14000649,Coventry North East,Labour,59.2%,No,-,-
E14001060,Yeovil,Conservative,59.3%,No,-,-
E14000632,Chesterfield,Labour,59.3%,No,-,-
E14000853,North Tyneside,Labour,59.4%,No,-,-
E14000737,Hayes and Harlington,Labour,59.4%,No,-,-
E14000849,North Shropshire,Conservative,59.5%,No,-,-
E14000936,South Dorset,Conservative,59.5%,No,-,-
E14000827,New Forest East,Conservative,59.5%,No,-,-
E14000862,Northampton South,Conservative,59.6%,No,-,-
E14000536,Ashford,Conservative,59.7%,No,-,-
W07000074,Ogmore,Labour,59.8%,No,-,-
E14000826,Morley and Outwood,Conservative,59.8%,No,-,-
E14000647,Copeland,Labour,59.8%,No,-,-
E14000638,Christchurch,Conservative,59.9%,No,-,-
E14000575,Blyth Valley,Labour,59.9%,No,-,-
E14000955,"Southampton, Itchen",Conservative,60.0%,No,-,-
W07000049,Aberavon,Labour,60.0%,No,-,-
E14000772,Kingston upon Hull North,Labour,60.0%,No,-,-
E14000648,Corby,Conservative,60.1%,No,-,-
E14000840,North Durham,Labour,60.1%,No,-,-
E14000743,Hereford and South Herefordshire,Conservative,60.2%,No,-,-
W07000055,Newport East,Labour,60.3%,No,-,-
W07000062,Clwyd South,Labour,60.3%,No,-,-
E14001053,Workington,Labour,60.3%,No,-,-
E14000837,North Cornwall,Conservative,60.3%,No,-,-
E14000540,Barking,Labour,60.3%,No,-,-
E14000548,Batley and Spen,Labour,60.4%,No,-,-
E14000899,Rochford and Southend East,Conservative,60.5%,No,-,-
E14000620,Carlisle,Conservative,60.5%,No,-,-
E14000816,Mid Norfolk,Conservative,60.6%,No,-,-
E14000569,Bishop Auckland,Labour,60.6%,No,-,-
E14000861,Northampton North,Conservative,60.7%,No,-,-
E14000583,Bosworth,Conservative,60.8%,No,-,-
E14001045,Witham,Conservative,60.8%,No,-,-
W07000053,Torfaen,Labour,60.9%,No,-,-
E14000594,Brentwood and Ongar,Conservative,60.9%,No,-,-
E14000778,Leeds East,Labour,60.9%,No,-,-
E14000714,Grantham and Stamford,Conservative,61.0%,No,-,-
E14000693,Epping Forest,Conservative,61.1%,No,-,-
E14000734,Harwich and North Essex,Conservative,61.1%,No,-,-
W07000052,Rhondda,Labour,61.2%,No,-,-
E14000806,Maldon,Conservative,61.3%,No,-,-
E14000876,Penistone and Stocksbridge,Labour,61.3%,No,-,-
E14000913,Scarborough and Whitby,Conservative,61.4%,No,-,-
E14000892,Redditch,Conservative,61.4%,No,-,-
E14000590,Braintree,Conservative,61.4%,No,-,-
E14000921,"Sheffield, Brightside and Hillsborough",Labour,61.4%,No,-,-
E14000929,Sleaford and North Hykeham,Conservative,61.5%,No,-,-
E14000663,Derby South,Labour,61.6%,No,-,-
E14000765,Jarrow,Labour,61.6%,No,-,-
E14000948,South Thanet,Conservative,61.6%,No,-,-
E14000834,Newcastle-under-Lyme,Labour,61.7%,No,-,-
E14001016,Warley,Labour,61.8%,No,-,-
E14000704,Folkestone and Hythe,Conservative,61.8%,No,-,-
E14000713,Gosport,Conservative,62.0%,No,-,-
E14000707,Gainsborough,Conservative,62.0%,No,-,-
W07000048,Swansea East,Labour,62.1%,No,-,-
E14000843,North East Derbyshire,Labour,62.2%,No,-,-
E14000595,Bridgwater and West Somerset,Conservative,62.2%,No,-,-
E14000736,Havant,Conservative,62.5%,No,-,-
E14000999,Torbay,Conservative,62.7%,No,-,-
E14001039,Wigan,Labour,62.7%,No,-,-
E14000878,Peterborough,Conservative,62.9%,No,-,-
E14001025,Wellingborough,Conservative,62.9%,No,-,-
E14000670,Dover,Conservative,63.1%,No,-,-
E14000869,Old Bexley and Sidcup,Conservative,63.2%,No,-,-
E14001022,Waveney,Conservative,63.2%,No,-,-
E14001034,West Suffolk,Conservative,63.3%,No,-,-
E14000695,Erewash,Conservative,63.3%,No,-,-
E14000683,East Yorkshire,Conservative,63.3%,No,-,-
E14000579,Bolton South East,Labour,63.4%,No,-,-
E14000785,Leigh,Labour,63.5%,No,-,-
E14000961,St Austell and Newquay,Conservative,63.5%,No,-,-
E14000924,Sherwood,Conservative,63.8%,No,-,-
E14000659,Dartford,Conservative,64.0%,No,-,-
E14000576,Bognor Regis and Littlehampton,Conservative,64.2%,No,-,-
E14000966,Staffordshire Moorlands,Conservative,64.6%,No,-,-
E14000610,Burton,Conservative,64.6%,No,-,-
E14000626,Chatham and Aylesford,Conservative,64.7%,No,-,-
E14000868,Nuneaton,Conservative,64.8%,No,-,-
E14000852,North Thanet,Conservative,65.0%,No,-,-
E14000805,Makerfield,Labour,65.0%,No,-,-
E14000820,Middlesbrough South and East Cleveland,Labour,65.0%,No,-,-
E14000972,Stoke-on-Trent Central,Labour,65.0%,No,-,-
E14000558,Bexleyheath and Crayford,Conservative,65.0%,No,-,-
E14000533,Amber Valley,Conservative,65.3%,No,-,-
E14000758,Hyndburn,Labour,65.8%,No,-,-
E14000927,Sittingbourne and Sheppey,Conservative,65.8%,No,-,-
E14000606,Broxbourne,Conservative,65.8%,No,-,-
E14000986,Tamworth,Conservative,66.0%,No,-,-
E14000859,North West Norfolk,Conservative,66.1%,No,-,-
E14000596,Brigg and Goole,Conservative,66.2%,No,-,-
E14000952,South West Norfolk,Conservative,66.3%,No,-,-
E14000668,Doncaster Central,Labour,66.3%,No,-,-
E14000722,Halesowen and Rowley Regis,Conservative,66.3%,No,-,-
E14000920,Sheffield South East,Labour,66.5%,No,-,-
E14000970,Stockton North,Labour,66.5%,No,-,-
E14000677,Easington,Labour,66.6%,No,-,-
E14000572,Blackpool North and Cleveleys,Conservative,66.9%,No,-,-
E14000544,Basildon and Billericay,Conservative,66.9%,No,-,-
E14000989,Telford,Conservative,67.1%,No,-,-
E14000891,Redcar,Labour,67.6%,No,-,-
E14001029,West Bromwich East,Labour,67.6%,No,-,-
E14000854,North Warwickshire,Conservative,67.8%,No,-,-
E14000573,Blackpool South,Labour,67.8%,No,-,-
E14000773,Kingston upon Hull West and Hessle,Labour,67.8%,No,-,-
E14000888,Rayleigh and Wickford,Conservative,67.9%,No,-,-
E14000729,Harlow,Conservative,68.0%,No,-,-
E14000546,Bassetlaw,Labour,68.3%,No,-,-
E14000541,Barnsley Central,Labour,68.4%,No,-,-
E14000643,Cleethorpes,Conservative,68.4%,No,-,-
E14000667,Don Valley,Labour,68.6%,No,-,-
E14000914,Scunthorpe,Labour,69.1%,No,-,-
E14001030,West Bromwich West,Labour,69.1%,No,-,-
E14000798,Louth and Horncastle,Conservative,69.4%,No,-,-
E14000842,North East Cambridgeshire,Conservative,69.4%,No,-,-
E14000657,Dagenham and Rainham,Labour,69.9%,No,-,-
E14000995,Thurrock,Conservative,70.3%,No,-,-
E14000577,Bolsover,Labour,70.3%,No,-,-
E14000535,Ashfield,Labour,70.6%,No,-,-
E14001028,Wentworth and Dearne,Labour,70.7%,No,-,-
E14000542,Barnsley East,Labour,70.8%,No,-,-
E14000974,Stoke-on-Trent South,Labour,70.8%,No,-,-
E14000642,Clacton,UK Independence Party,71.1%,No,-,-
E14000939,South Holland and The Deepings,Conservative,71.2%,No,-,-
E14000669,Doncaster North,Labour,72.1%,No,-,-
E14000973,Stoke-on-Trent North,Labour,72.1%,No,-,-
E14000771,Kingston upon Hull East,Labour,72.6%,No,-,-
E14000933,South Basildon and East Thurrock,Conservative,73.1%,No,-,-
E14000582,Boston and Skegness,Conservative,75.0%,No,-,-
